"manufacturer","model","kind_code","source_maker_no","source_model_no","source_details","excluded_before_2008_details","reason","sample_details"
"기아","레토나","B","10056","100396","2","2","all_details_before_2008","레토나밴 (98~03년) [latest=2003]; 레토나 (98~03년) [latest=2003]"
"기아","록스타","B","10056","100398","3","3","all_details_before_2008","록스타밴 (90~97년) [latest=1997]; 록스타R2 (93~97년) [latest=1997]; 록스타 (90~93년) [latest=1993]"
"기아","리오","A","10056","100273","2","2","all_details_before_2008","리오SF (02~05년) [latest=2005]; 리오 (99~02년) [latest=2002]"
"기아","베스타","C","10056","100415","4","4","all_details_before_2008","하이베스타밴 (92~97년) [latest=1997]; 하이베스타 (92~97년) [latest=1997]; 베스타밴 (90~97년) [latest=1997]"
"기아","복사","D","10056","100425","1","1","all_details_before_2008","복사 (~93년) [latest=1993]"
"기아","봉고3미니버스","C","10056","100417","2","2","all_details_before_2008","봉고3미니버스밴 (04~05년) [latest=2005]; 봉고3미니버스 (04~05년) [latest=2005]"
"기아","비스토","A","10056","100355","1","1","all_details_before_2008","비스토 (99~04년) [latest=2004]"
"기아","세피아","A","10056","100335","3","3","all_details_before_2008","세피아2 (97~01년) [latest=2001]; 세피아레오 (92~97년) [latest=1997]; 세피아 (92~97년) [latest=1997]"
"기아","슈마","A","10056","100339","1","1","all_details_before_2008","슈마 (97~01년) [latest=2001]"
"기아","스펙트라","A","10056","100240","2","2","all_details_before_2008","스펙트라윙 (00~01년) [latest=2001]; 스펙트라 (00~04년) [latest=2004]"
"기아","아벨라","A","10056","100290","2","2","all_details_before_2008","아벨라델타 (95~99년) [latest=1999]; 아벨라 (94~00년) [latest=2000]"
"기아","엑스트렉","B","10056","100393","1","1","all_details_before_2008","엑스트렉 (03~06년) [latest=2006]"
"기아","엔터프라이즈","A","10056","100385","1","1","all_details_before_2008","엔터프라이즈 (97~02년) [latest=2002]"
"기아","엘란","A","10056","100381","1","1","all_details_before_2008","엘란 (96~00년) [latest=2000]"
"기아","옵티마","A","10056","100378","2","2","all_details_before_2008","옵티마리갈 (02~05년) [latest=2005]; 옵티마 (00~05년) [latest=2005]"
"기아","카스타","B","10056","100414","1","1","all_details_before_2008","카스타 (99~02년) [latest=2002]"
"기아","캐피탈","A","10056","100327","1","1","all_details_before_2008","캐피탈 (89~96년) [latest=1996]"
"기아","콩코드","A","10056","100369","1","1","all_details_before_2008","콩코드 (~91년) [latest=1991]"
"기아","크레도스","A","10056","100372","2","2","all_details_before_2008","크레도스2 (98~00년) [latest=2000]; 크레도스 (95~98년) [latest=1998]"
"기아","타우너","C","10056","100364","3","3","all_details_before_2008","타우너트럭 (92~02년) [latest=2002]; 타우너밴 (92~02년) [latest=2002]; 타우너 (92~02년) [latest=2002]"
"기아","타이탄","D","10056","100429","1","1","all_details_before_2008","타이탄 (~97년) [latest=1997]"
"기아","토픽","C","10056","100420","2","2","all_details_before_2008","토픽밴 (~99년) [latest=1999]; 토픽 (~99년) [latest=1999]"
"기아","파크타운","A","10056","100431","1","1","all_details_before_2008","파크타운 (98~00년) [latest=2000]"
"기아","포텐샤","A","10056","100391","2","2","all_details_before_2008","뉴포텐샤 (97~02년) [latest=2002]; 포텐샤 (92~97년) [latest=1997]"
"기아","프레지오","C","10056","100422","2","2","all_details_before_2008","프레지오밴 (95~04년) [latest=2004]; 프레지오 (95~04년) [latest=2004]"
"닛산","로렐","A","10071","100605","1","1","all_details_before_2008","로렐 (~02년) [latest=2002]"
"닛산","세드릭","A","10071","100614","1","1","all_details_before_2008","세드릭 (~04년) [latest=2004]"
"닛산","세피로","A","10071","100615","1","1","all_details_before_2008","세피로 (~03년) [latest=2003]"
"닛산","실비아","A","10071","100619","1","1","all_details_before_2008","실비아 (~02년) [latest=2002]"
"닛산","프레리","B","10071","100633","1","1","all_details_before_2008","프레리 (~04년) [latest=2004]"
"닛산","휘가로","A","10071","100636","1","1","all_details_before_2008","휘가로 (91~91년) [latest=1991]"
"닛산","SX","A","10071","100637","3","3","all_details_before_2008","240SX (89~98년) [latest=1998]; 200SX (~02년) [latest=2002]; 180SX (89~98년) [latest=1998]"
"다찌","램밴","C","10085","100814","1","1","all_details_before_2008","램밴 (~03년) [latest=2003]"
"다찌","밴","C","10085","100818","1","1","all_details_before_2008","밴 (~96년) [latest=1996]"
"대우","넥시아","A","10057","100300","1","1","all_details_before_2008","넥시아 (95~96년) [latest=1996]"
"대우","누비라","A","10057","100312","3","3","all_details_before_2008","누비라스패건 (97~99년) [latest=1999]; 누비라2 (99~02년) [latest=2002]; 누비라 (97~99년) [latest=1999]"
"대우","라노스","A","10057","100322","2","2","all_details_before_2008","라노스2 (00~02년) [latest=2002]; 라노스 (96~00년) [latest=2000]"
"대우","레간자","A","10057","100352","1","1","all_details_before_2008","레간자 (97~02년) [latest=2002]"
"대우","레조","B","10057","100392","1","1","all_details_before_2008","레조 (00~07년) [latest=2007]"
"대우","르망","A","10057","100288","1","1","all_details_before_2008","르망 (~97년) [latest=1997]"
"대우","매그너스","A","10057","100359","1","1","all_details_before_2008","매그너스 (99~06년) [latest=2006]"
"대우","브로엄","A","10057","100375","1","1","all_details_before_2008","브로엄 (91~00년) [latest=2000]"
"대우","슈퍼살롱","A","10057","101338","1","1","all_details_before_2008","슈퍼살롱 (91~99년) [latest=1999]"
"대우","스테이츠맨","A","10057","100383","1","1","all_details_before_2008","스테이츠맨 (05~07년) [latest=2007]"
"대우","씨에로","A","10057","100336","1","1","all_details_before_2008","씨에로 (94~96년) [latest=1996]"
"대우","아카디아","A","10057","100380","1","1","all_details_before_2008","아카디아 (94~99년) [latest=1999]"
"대우","야무진","D","10057","100317","1","1","all_details_before_2008","야무진 (98~00년) [latest=2000]"
"대우","에스페로","A","10057","100341","1","1","all_details_before_2008","에스페로 (90~97년) [latest=1997]"
"대우","칼로스","A","10057","100367","1","1","all_details_before_2008","칼로스 (02~07년) [latest=2007]"
"대우","티코","A","10057","100255","1","1","all_details_before_2008","티코 (91~01년) [latest=2001]"
"대우","프린스","A","10057","100373","2","2","all_details_before_2008","뉴프린스 (96~97년) [latest=1997]; 프린스 (91~96년) [latest=1996]"
"람보르기니","디아블로","A","10103","100912","1","1","all_details_before_2008","디아블로 (90~02년) [latest=2002]"
"로버","75","A","10101","100890","1","1","all_details_before_2008","75 (04~04년) [latest=2004]"
"로버","미니","A","10101","100888","1","1","all_details_before_2008","미니 (~00년) [latest=2000]"
"로터스","에스프리","A","10100","100880","1","1","all_details_before_2008","에스프리 (~04년) [latest=2004]"
"롤스로이스","실버 셰라프","A","10117","101109","1","1","all_details_before_2008","실버 셰라프 (98~02년) [latest=2002]"
"롤스로이스","실버스퍼","A","10117","101012","1","1","all_details_before_2008","실버스퍼 (~98년) [latest=1998]"
"롤스로이스","코니쉬","A","10117","101013","1","1","all_details_before_2008","코니쉬 (~02년) [latest=2002]"
"링컨","LS","A","10082","100756","1","1","all_details_before_2008","LS (99~06년) [latest=2006]"
"마세라티","3200 GT","A","10104","100932","1","1","all_details_before_2008","3200 GT (98~02년) [latest=2002]"
"마세라티","4200 GT","A","10104","100933","1","1","all_details_before_2008","4200 GT (01~07년) [latest=2007]"
"마세라티","그란스포츠","A","10104","100925","1","1","all_details_before_2008","그란스포츠 (04~07년) [latest=2007]"
"마세라티","스파이더","A","10104","100930","1","1","all_details_before_2008","스파이더 (02~07년) [latest=2007]"
"마세라티","쿠페","A","10104","100854","1","1","all_details_before_2008","쿠페 (02~07년) [latest=2007]"
"마세라티","MC12","A","10104","100931","1","1","all_details_before_2008","MC12 (04~05년) [latest=2005]"
"마쯔다","유노스","A","10075","100689","1","1","all_details_before_2008","유노스 (89~97년) [latest=1997]"
"미니","로버 미니","A","10097","100862","1","1","all_details_before_2008","로버 미니 (~01년) [latest=2001]"
"미쯔비시","3000GT","A","10074","100675","1","1","all_details_before_2008","3000GT (95~99년) [latest=1999]"
"미쯔비시","FTO","A","10074","100676","1","1","all_details_before_2008","FTO (94~00년) [latest=2000]"
"미쯔비시","GTO","A","10074","100677","1","1","all_details_before_2008","GTO (90~01년) [latest=2001]"
"미쯔오카","라세드","A","10108","100466","1","1","all_details_before_2008","라세드 (00~04년) [latest=2004]"
"벤틀리","에이트","A","10099","100876","1","1","all_details_before_2008","에이트 (~92년) [latest=1992]"
"볼보","740","A","10092","100988","1","1","all_details_before_2008","740 (~92년) [latest=1992]"
"볼보","760","A","10092","100989","1","1","all_details_before_2008","760 (~90년) [latest=1990]"
"볼보","850","A","10092","100990","1","1","all_details_before_2008","850 (92~97년) [latest=1997]"
"볼보","940","A","10092","100991","1","1","all_details_before_2008","940 (90~98년) [latest=1998]"
"볼보","960","A","10092","100992","1","1","all_details_before_2008","960 (90~98년) [latest=1998]"
"볼보","S70","A","10092","100978","1","1","all_details_before_2008","S70 (97~00년) [latest=2000]"
"부가티","EB110","A","10105","100934","1","1","all_details_before_2008","EB110 (91~95년) [latest=1995]"
"뷰익","르사블","A","10088","100823","1","1","all_details_before_2008","르사블 (~05년) [latest=2005]"
"뷰익","테라자","B","10088","100826","1","1","all_details_before_2008","테라자 (05~07년) [latest=2007]"
"사브","900","A","10093","100996","1","1","all_details_before_2008","900 (~98년) [latest=1998]"
"사브","9000","A","10093","100997","1","1","all_details_before_2008","9000 (~97년) [latest=1997]"
"사이언","xA","A","10115","100710","1","1","all_details_before_2008","xA (04~06년) [latest=2006]"
"스마트","로드스터","A","10113","100568","1","1","all_details_before_2008","로드스터 (03~06년) [latest=2006]"
"스즈키","사이드킥","B","10076","100692","1","1","all_details_before_2008","사이드킥 (89~99년) [latest=1999]"
"시보레","루미나","C","10084","100777","2","2","all_details_before_2008","루미나 (89~01년) [latest=2001]; 루미나 미니밴 (90~96년) [latest=1996]"
"시보레","벤처","C","10084","100778","1","1","all_details_before_2008","벤처 (96~05년) [latest=2005]"
"시보레","아스트로밴","C","10084","100783","1","1","all_details_before_2008","아스트로밴 (95~05년) [latest=2005]"
"시보레","트랙커","B","10084","100793","1","1","all_details_before_2008","트랙커 (89~04년) [latest=2004]"
"시보레","트럭밴","D","10084","100794","1","1","all_details_before_2008","트럭밴 (~96년) [latest=1996]"
"시보레","픽업트럭","D","10084","100795","1","1","all_details_before_2008","픽업트럭 (~02년) [latest=2002]"
"시보레","S-10","D","10084","100792","1","1","all_details_before_2008","S-10 (~04년) [latest=2004]"
"시보레","SSR","A","10084","100791","1","1","all_details_before_2008","SSR (03~06년) [latest=2006]"
"시트로엥","잔티아","A","10095","100487","1","1","all_details_before_2008","잔티아 (93~01년) [latest=2001]"
"시트로엥","XM","A","10095","100486","1","1","all_details_before_2008","XM (89~00년) [latest=2000]"
"알파로메오","156","A","10106","100938","1","1","all_details_before_2008","156 (96~07년) [latest=2007]"
"알파로메오","164","A","10106","100940","1","1","all_details_before_2008","164 (~98년) [latest=1998]"
"알파로메오","166","A","10106","100941","1","1","all_details_before_2008","166 (99~07년) [latest=2007]"
"알파로메오","스파이더","A","10106","100946","1","1","all_details_before_2008","스파이더 (~94년) [latest=1994]"
"알파로메오","GTV","A","10106","100943","1","1","all_details_before_2008","GTV (94~04년) [latest=2004]"
"어큐라","인테그라","A","10109","100474","1","1","all_details_before_2008","인테그라 (~01년) [latest=2001]"
"어큐라","CL","A","10109","100475","1","1","all_details_before_2008","CL (97~03년) [latest=2003]"
"어큐라","NSX","A","10109","100476","1","1","all_details_before_2008","NSX (90~05년) [latest=2005]"
"어큐라","RSX","A","10109","100471","1","1","all_details_before_2008","RSX (01~06년) [latest=2006]"
"오펠","스피드스터","A","10118","101016","1","1","all_details_before_2008","스피드스터 (01~05년) [latest=2005]"
"오펠","티그라","A","10118","101019","1","1","all_details_before_2008","티그라 (94~00년) [latest=2000]"
"올즈모빌","브라바다","B","10089","100831","1","1","all_details_before_2008","브라바다 (91~04년) [latest=2004]"
"올즈모빌","실루엣","B","10089","100828","1","1","all_details_before_2008","실루엣 (90~04년) [latest=2004]"
"올즈모빌","알레로","A","10089","100832","1","1","all_details_before_2008","알레로 (94~04년) [latest=2004]"
"올즈모빌","오로라","A","10089","100829","1","1","all_details_before_2008","오로라 (94~03년) [latest=2003]"
"올즈모빌","커트라스","A","10089","100830","1","1","all_details_before_2008","커트라스 (~99년) [latest=1999]"
"이스즈","로데오","B","10079","100707","1","1","all_details_before_2008","로데오 (89~04년) [latest=2004]"
"이스즈","비크로스","B","10079","100708","1","1","all_details_before_2008","비크로스 (97~01년) [latest=2001]"
"이스즈","트루퍼","B","10079","100709","1","1","all_details_before_2008","트루퍼 (~05년) [latest=2005]"
"인피니티","I","A","10072","100509","1","1","all_details_before_2008","I-SERISE (96~04년) [latest=2004]"
"캐딜락","드빌","A","10083","100774","1","1","all_details_before_2008","드빌 (~05년) [latest=2005]"
"캐딜락","스빌","A","10083","100775","1","1","all_details_before_2008","스빌 (~04년) [latest=2004]"
"캐딜락","컨코어","A","10083","101165","1","1","all_details_before_2008","컨코어 (94~99년) [latest=1999]"
"크라이슬러","300M","A","10080","100723","1","1","all_details_before_2008","300M (99~04년) [latest=2004]"
"크라이슬러","네온","A","10080","100726","2","2","all_details_before_2008","네온(2세대) (99~05년) [latest=2005]; 네온(1세대) (96~99년) [latest=1999]"
"크라이슬러","뉴요커","A","10080","101022","1","1","all_details_before_2008","뉴요커 (~96년) [latest=1996]"
"크라이슬러","비전","A","10080","100728","1","1","all_details_before_2008","비전 (93~97년) [latest=1997]"
"크라이슬러","스트라투스","A","10080","100730","1","1","all_details_before_2008","스트라투스 (95~00년) [latest=2000]"
"크라이슬러","시러스","A","10080","100731","1","1","all_details_before_2008","시러스 (95~00년) [latest=2000]"
"크라이슬러","이글탈론","A","10080","100732","1","1","all_details_before_2008","이글탈론 (90~98년) [latest=1998]"
"크라이슬러","콩코드","A","10080","100735","1","1","all_details_before_2008","콩코드 (93~04년) [latest=2004]"
"크라이슬러","크로스파이어","A","10080","100736","1","1","all_details_before_2008","크로스파이어 (04~07년) [latest=2007]"
"크라이슬러","프라울러","A","10080","101149","1","1","all_details_before_2008","프라울러 (97~02년) [latest=2002]"
"크라이슬러","LHS","A","10080","100724","1","1","all_details_before_2008","LHS (94~01년) [latest=2001]"
"토요타","가이아","B","10073","100853","1","1","all_details_before_2008","가이아 (98~04년) [latest=2004]"
"토요타","셀리카","A","10073","100658","1","1","all_details_before_2008","셀리카 (~06년) [latest=2006]"
"토요타","소아라","A","10073","100659","1","1","all_details_before_2008","소아라 (~04년) [latest=2004]"
"토요타","체이서","A","10073","100665","1","1","all_details_before_2008","체이서 (~01년) [latest=2001]"
"토요타","칼디나","B","10073","101033","1","1","all_details_before_2008","칼디나 (92~07년) [latest=2007]"
"토요타","MR","A","10073","100649","2","2","all_details_before_2008","MR-S (99~07년) [latest=2007]; MR-2 (~07년) [latest=2007]"
"토요타","WiLL","A","10073","100651","1","1","all_details_before_2008","WiLL (00~05년) [latest=2005]"
"페라리","348","A","10107","100960","1","1","all_details_before_2008","348 (89~95년) [latest=1995]"
"페라리","360","A","10107","100961","1","1","all_details_before_2008","360 (99~05년) [latest=2005]"
"페라리","456","A","10107","100962","1","1","all_details_before_2008","456 (92~03년) [latest=2003]"
"페라리","512 TR","A","10107","100965","2","2","all_details_before_2008","512TR (92~94년) [latest=1994]; 512M (92~94년) [latest=1994]"
"페라리","550","A","10107","100966","1","1","all_details_before_2008","550 (96~01년) [latest=2001]"
"페라리","575M","A","10107","100967","1","1","all_details_before_2008","575M (02~06년) [latest=2006]"
"페라리","엔초페라리","A","10107","100970","1","1","all_details_before_2008","엔초페라리 (02~04년) [latest=2004]"
"페라리","F355","A","10107","100956","1","1","all_details_before_2008","F355 (94~99년) [latest=1999]"
"페라리","F40","A","10107","100953","1","1","all_details_before_2008","F40 (~92년) [latest=1992]"
"페라리","F50","A","10107","100954","1","1","all_details_before_2008","F50 (95~97년) [latest=1997]"
"포드","썬더버드","A","10081","100745","1","1","all_details_before_2008","썬더버드 (95~05년) [latest=2005]"
"포드","윈드스타","B","10081","100746","1","1","all_details_before_2008","윈드스타 (94~03년) [latest=2003]"
"포드","컨투어","A","10081","100750","1","1","all_details_before_2008","컨투어 (96~00년) [latest=2000]"
"포드","파이브 헌드레드","A","10081","100752","1","1","all_details_before_2008","파이브 헌드레드 (05~07년) [latest=2007]"
"포드","프로브","A","10081","100753","1","1","all_details_before_2008","프로브 (89~97년) [latest=1997]"
"포르쉐","928","A","10068","100557","1","1","all_details_before_2008","928 (~95년) [latest=1995]"
"포르쉐","944","A","10068","100559","1","1","all_details_before_2008","944 (~91년) [latest=1991]"
"포르쉐","968","A","10068","100560","1","1","all_details_before_2008","968 (92~95년) [latest=1995]"
"폭스바겐","벤토","A","10067","100554","1","1","all_details_before_2008","벤토 (92~99년) [latest=1999]"
"폭스바겐","보라","A","10067","100553","1","1","all_details_before_2008","보라 (99~05년) [latest=2005]"
"폰티악","그랜드 앰","A","10090","100834","1","1","all_details_before_2008","그랜드 앰 (~05년) [latest=2005]"
"폰티악","보네빌","A","10090","100835","1","1","all_details_before_2008","보네빌 (~05년) [latest=2005]"
"폰티악","선파이어","A","10090","100836","1","1","all_details_before_2008","선파이어 (95~05년) [latest=2005]"
"폰티악","트랜스포트","B","10090","100840","1","1","all_details_before_2008","트랜스포트 (89~98년) [latest=1998]"
"폰티악","파이어버드","A","10090","100838","2","2","all_details_before_2008","파이어버드 (~02년) [latest=2002]; 트랜스 앰 (~02년) [latest=2002]"
"폰티악","피에로","A","10090","100839","1","1","all_details_before_2008","피에로 (~88년) [latest=1988]"
"푸조","205","A","10094","100894","1","1","all_details_before_2008","205 (~98년) [latest=1998]"
"푸조","306","A","10094","100899","1","1","all_details_before_2008","306 (93~02년) [latest=2002]"
"푸조","405","A","10094","100903","1","1","all_details_before_2008","405 (~97년) [latest=1997]"
"푸조","406","A","10094","100904","1","1","all_details_before_2008","406 (95~04년) [latest=2004]"
"피아트","란치아","A","10102","100919","1","1","all_details_before_2008","란치아 (96~99년) [latest=1999]"
"피아트","바르게타","A","10102","100921","1","1","all_details_before_2008","바르게타 (05~05년) [latest=2005]"
"피아트","쿠페","A","10102","100922","1","1","all_details_before_2008","쿠페 (93~00년) [latest=2000]"
"허머","H1","B","10086","100808","1","1","all_details_before_2008","H1 (92~06년) [latest=2006]"
"현대","갤로퍼","B","10055","100395","4","4","all_details_before_2008","갤로퍼2밴 (97~03년) [latest=2003]; 갤로퍼2 (97~03년) [latest=2003]; 갤로퍼밴 (95~03년) [latest=2003]"
"현대","그레이스","C","10055","100413","2","2","all_details_before_2008","그레이스밴 (94~03년) [latest=2003]; 그레이스 (93~04년) [latest=2004]"
"현대","다이너스티","A","10055","100271","1","1","all_details_before_2008","다이너스티 (96~05년) [latest=2005]"
"현대","라비타","A","10055","100345","1","1","all_details_before_2008","라비타 (01~07년) [latest=2007]"
"현대","리베로","D","10055","100419","1","1","all_details_before_2008","리베로 (00~07년) [latest=2007]"
"현대","마르샤","A","10055","100302","1","1","all_details_before_2008","마르샤 (95~98년) [latest=1998]"
"현대","스쿠프","A","10055","100366","1","1","all_details_before_2008","스쿠프 (90~95년) [latest=1995]"
"현대","스텔라","A","10055","100370","1","1","all_details_before_2008","스텔라 (~97년) [latest=1997]"
"현대","싼타모","B","10055","100401","1","1","all_details_before_2008","싼타모 (95~02년) [latest=2002]"
"현대","아토스","A","10055","100384","2","2","all_details_before_2008","아토스밴 (00~02년) [latest=2002]; 아토스 (97~02년) [latest=2002]"
"현대","엑셀","A","10055","100376","1","1","all_details_before_2008","엑셀 (89~94년) [latest=1994]"
"현대","엘란트라","A","10055","100377","2","2","all_details_before_2008","뉴엘란트라 (93~95년) [latest=1995]; 엘란트라 (90~93년) [latest=1993]"
"현대","테라칸","B","10055","100412","1","1","all_details_before_2008","테라칸 (01~07년) [latest=2007]"
"현대","트라제XG","B","10055","100409","1","1","all_details_before_2008","트라제XG (99~07년) [latest=2007]"
"현대","티뷰론","A","10055","100361","2","2","all_details_before_2008","티뷰론터블런스 (99~01년) [latest=2001]; 티뷰론 (96~01년) [latest=2001]"
"현대","프레스토","A","10055","100382","1","1","all_details_before_2008","프레스토 (~86년) [latest=1986]"
"혼다","댓츠","A","10070","100587","1","1","all_details_before_2008","댓츠 (02~07년) [latest=2007]"
"혼다","델솔","A","10070","100586","1","1","all_details_before_2008","델솔 (92~98년) [latest=1998]"
"혼다","비트","A","10070","100590","1","1","all_details_before_2008","비트 (91~96년) [latest=1996]"
"혼다","인테그라","A","10070","100598","1","1","all_details_before_2008","인테그라 (~06년) [latest=2006]"
"혼다","패스포트","B","10070","100602","1","1","all_details_before_2008","패스포트 (94~02년) [latest=2002]"
"혼다","프렐류드","A","10070","100603","1","1","all_details_before_2008","프렐류드 (~01년) [latest=2001]"
"BMW","Z3","A","10065","100532","1","1","all_details_before_2008","Z3 (96~02년) [latest=2002]"
"BMW","Z8","A","10065","100534","1","1","all_details_before_2008","Z8 (99~03년) [latest=2003]"
"GMC","벤츄라","C","10087","100798","1","1","all_details_before_2008","벤츄라 (~96년) [latest=1996]"
"GMC","사파리","C","10087","100800","1","1","all_details_before_2008","사파리 (95~05년) [latest=2005]"
"GMC","소노마","D","10087","100801","1","1","all_details_before_2008","소노마 (~04년) [latest=2004]"
"GMC","지미","B","10087","100804","1","1","all_details_before_2008","지미 (~94년) [latest=1994]"
"KG모빌리티(쌍용)","이스타나","C","10059","100362","2","2","all_details_before_2008","이스타나밴 (95~03년) [latest=2003]; 이스타나 (95~03년) [latest=2003]"
"KG모빌리티(쌍용)","카리스타","A","10059","100282","1","1","all_details_before_2008","카리스타 (92~94년) [latest=1994]"
